{
  "episode_data": [
    {
      "episode_id": 0,
      "q_value": 3.333667939635946,
      "q_distribution": [
        5.5308192656770245,
        6.533494520928102,
        -10.87997339297796,
        -0.9975054883103773,
        2.693395443758291,
        -3.4498317547200408,
        -0.8040243226457164,
        10.162090863443556,
        -1.9291940406559824,
        9.771646422390432,
        3.5593232940971653,
        12.56491659323769,
        -10.53690859200087,
        12.209641780608463,
        13.955140489410491,
        1.9849571466656784,
        4.024647797133792,
        -0.5762872171877511,
        -1.3698365098944798,
        8.095451613709084,
        9.631023876728236,
        6.678947606272917,
        10.067991728410078,
        2.573132460360668,
        12.030538695507758,
        2.269748908083468,
        8.562534759768134,
        11.086878849622973,
        6.471963388468033,
        4.6324444058493555,
        11.734626883492183,
        11.28637676614023,
        12.660765380147735,
        9.849708729690729,
        -0.42977250740683814,
        -2.958414113245915,
        -8.856329890032,
        1.4509954960829994,
        1.898097526084264,
        8.426022071993433,
        -8.073209094289204,
        -3.1807466814869336,
        0.3074837428418711,
        2.9876151609347943,
        -12.18941592381416,
        9.627713584697023,
        -8.062815958054195,
        -7.032581674962259,
        11.170463077684921,
        1.5196458135603947
      ],
      "collision_rate": 0.24298457291471764,
      "detailed_info": {
        "calculation_method": "终极优化：纯期望计算，零采样",
        "agent_independent_reward": 28.0,
        "agent_dependent_rewards": [
          -22.469180734322975,
          -21.4665054790719,
          -38.87997339297796,
          -28.997505488310377,
          -25.30660455624171,
          -31.44983175472004,
          -28.804024322645716,
          -17.837909136556444,
          -29.929194040655982,
          -18.228353577609568,
          -24.440676705902835,
          -15.43508340676231,
          -38.53690859200087,
          -15.790358219391537,
          -14.044859510589509,
          -26.01504285333432,
          -23.97535220286621,
          -28.57628721718775,
          -29.36983650989448,
          -19.904548386290916,
          -18.368976123271764,
          -21.321052393727083,
          -17.932008271589922,
          -25.426867539639332,
          -15.969461304492242,
          -25.730251091916532,
          -19.437465240231866,
          -16.913121150377027,
          -21.528036611531967,
          -23.367555594150645,
          -16.265373116507817,
          -16.71362323385977,
          -15.339234619852265,
          -18.15029127030927,
          -28.429772507406838,
          -30.958414113245915,
          -36.856329890032,
          -26.549004503917,
          -26.101902473915736,
          -19.573977928006567,
          -36.073209094289204,
          -31.180746681486934,
          -27.69251625715813,
          -25.012384839065206,
          -40.18941592381416,
          -18.372286415302977,
          -36.062815958054195,
          -35.03258167496226,
          -16.82953692231508,
          -26.480354186439605
        ],
        "computational_savings": "消除了 50 × trajectory_samples 次采样",
        "reward_breakdown": {
          "mean_q_value": 3.333667939635946,
          "q_value_std": 7.0440987066217495,
          "q_value_min": -12.18941592381416,
          "q_value_max": 13.955140489410491,
          "collision_rate": 0.24298457291471764,
          "all_q_values": [
            5.5308192656770245,
            6.533494520928102,
            -10.87997339297796,
            -0.9975054883103773,
            2.693395443758291,
            -3.4498317547200408,
            -0.8040243226457164,
            10.162090863443556,
            -1.9291940406559824,
            9.771646422390432,
            3.5593232940971653,
            12.56491659323769,
            -10.53690859200087,
            12.209641780608463,
            13.955140489410491,
            1.9849571466656784,
            4.024647797133792,
            -0.5762872171877511,
            -1.3698365098944798,
            8.095451613709084,
            9.631023876728236,
            6.678947606272917,
            10.067991728410078,
            2.573132460360668,
            12.030538695507758,
            2.269748908083468,
            8.562534759768134,
            11.086878849622973,
            6.471963388468033,
            4.6324444058493555,
            11.734626883492183,
            11.28637676614023,
            12.660765380147735,
            9.849708729690729,
            -0.42977250740683814,
            -2.958414113245915,
            -8.856329890032,
            1.4509954960829994,
            1.898097526084264,
            8.426022071993433,
            -8.073209094289204,
            -3.1807466814869336,
            0.3074837428418711,
            2.9876151609347943,
            -12.18941592381416,
            9.627713584697023,
            -8.062815958054195,
            -7.032581674962259,
            11.170463077684921,
            1.5196458135603947
          ],
          "collision_probabilities": [
            0.2215085648929276,
            0.21237998303123323,
            0.38333252759049874,
            0.28555428534379634,
            0.24845682875775324,
            0.3085470537021433,
            0.2855671813090279,
            0.17358783888512944,
            0.29436080580843704,
            0.17707305522611816,
            0.24030332371446908,
            0.1522221221298729,
            0.37753685313591473,
            0.15468850187503105,
            0.137280344123365,
            0.2583136474528104,
            0.23632380609044842,
            0.2817273149536169,
            0.288155903685038,
            0.19724050565645374,
            0.1807702927799573,
            0.21007488995234203,
            0.17711583530035663,
            0.2511228374295658,
            0.15657789361983032,
            0.2557413617162578,
            0.19127928031685923,
            0.1671357084684867,
            0.21253573742864207,
            0.2307997940634656,
            0.15972742045803234,
            0.1636751070676817,
            0.1500529818230209,
            0.17972955347010605,
            0.28048675961428166,
            0.3051482329436479,
            0.364975666671272,
            0.26116526022408004,
            0.25673154637719947,
            0.19342493676586192,
            0.3573601647453925,
            0.3085031563217352,
            0.2714937517697743,
            0.2437572131977422,
            0.3944039518933824,
            0.18081245666196957,
            0.3557579132605972,
            0.34767423541972403,
            0.16593025760772567,
            0.2611040010028055
          ]
        },
        "agent_info": {}
      }
    }
  ],
  "q_value_history": [
    3.333667939635946
  ],
  "collision_rate_history": [
    0.24298457291471764
  ],
  "summary_stats": {
    "total_episodes": 1,
    "mean_q_value": 3.333667939635946,
    "std_q_value": 0.0,
    "mean_collision_rate": 0.24298457291471764
  }
}